{"$schema":"http://schema.management.azure.com/schemas/2015-01-01/deploymentTemplate.json#","contentVersion":"1.0.0.0","parameters":{"factoryName":{"type":"string","metadata":"Data Factory name"},"entityExtractor":{"type":"string"},"AzureSQLGordonSQL":{"type":"string"},"costCesar":{"type":"string"}},"variables":{"factoryId":"[concat('Microsoft.DataFactory/factories/', parameters('factoryName'))]"},"resources":[{"name":"[concat(parameters('factoryName'), '/CostManagementJob')]","type":"Microsoft.DataFactory/factories/pipelines","apiVersion":"2018-06-01","properties":{"activities":[{"name":"CSV to staging","type":"Copy","dependsOn":[{"activity":"API manager function","dependencyConditions":["Succeeded"]}],"policy":{"timeout":"0.12:00:00","retry":0,"retryIntervalInSeconds":30,"secureOutput":false,"secureInput":false},"userProperties":[],"typeProperties":{"source":{"type":"DelimitedTextSource","storeSettings":{"type":"AzureBlobStorageReadSettings","recursive":true,"wildcardFolderPath":"AzureCost","wildcardFileName":"*.csv","enablePartitionDiscovery":false},"formatSettings":{"type":"DelimitedTextReadSettings"}},"sink":{"type":"AzureSqlSink","preCopyScript":"truncate table dbo.satCostStaging","writeBehavior":"insert","sqlWriterUseTableLock":false,"tableOption":"autoCreate","disableMetricsCollection":false},"enableStaging":false,"translator":{"type":"TabularTranslator","mappings":[{"source":{"name":"InvoiceSectionName","type":"String","physicalType":"String"},"sink":{"name":"InvoiceSectionName","type":"String","physicalType":"nvarchar"}},{"source":{"name":"AccountName","type":"String","physicalType":"String"},"sink":{"name":"AccountName","type":"String","physicalType":"nvarchar"}},{"source":{"name":"AccountOwnerId","type":"String","physicalType":"String"},"sink":{"name":"AccountOwnerId","type":"String","physicalType":"nvarchar"}},{"source":{"name":"SubscriptionId","type":"String","physicalType":"String"},"sink":{"name":"SubscriptionId","type":"String","physicalType":"nvarchar"}},{"source":{"name":"SubscriptionName","type":"String","physicalType":"String"},"sink":{"name":"SubscriptionName","type":"String","physicalType":"nvarchar"}},{"source":{"name":"ResourceGroup","type":"String","physicalType":"String"},"sink":{"name":"ResourceGroup","type":"String","physicalType":"nvarchar"}},{"source":{"name":"ResourceLocation","type":"String","physicalType":"String"},"sink":{"name":"ResourceLocation","type":"String","physicalType":"nvarchar"}},{"source":{"name":"Date","type":"String","physicalType":"String"},"sink":{"name":"Date","type":"DateTime","physicalType":"date"}},{"source":{"name":"ProductName","type":"String","physicalType":"String"},"sink":{"name":"ProductName","type":"String","physicalType":"nvarchar"}},{"source":{"name":"MeterCategory","type":"String","physicalType":"String"},"sink":{"name":"MeterCategory","type":"String","physicalType":"nvarchar"}},{"source":{"name":"MeterSubCategory","type":"String","physicalType":"String"},"sink":{"name":"MeterSubCategory","type":"String","physicalType":"nvarchar"}},{"source":{"name":"MeterId","type":"String","physicalType":"String"},"sink":{"name":"MeterId","type":"String","physicalType":"nvarchar"}},{"source":{"name":"MeterName","type":"String","physicalType":"String"},"sink":{"name":"MeterName","type":"String","physicalType":"nvarchar"}},{"source":{"name":"MeterRegion","type":"String","physicalType":"String"},"sink":{"name":"MeterRegion","type":"String","physicalType":"nvarchar"}},{"source":{"name":"UnitOfMeasure","type":"String","physicalType":"String"},"sink":{"name":"UnitOfMeasure","type":"String","physicalType":"nvarchar"}},{"source":{"name":"Quantity","type":"String","physicalType":"String"},"sink":{"name":"Quantity","type":"Single","physicalType":"real"}},{"source":{"name":"EffectivePrice","type":"String","physicalType":"String"},"sink":{"name":"EffectivePrice","type":"String","physicalType":"nvarchar"}},{"source":{"name":"CostInBillingCurrency","type":"String","physicalType":"String"},"sink":{"name":"CostInBillingCurrency","type":"Single","physicalType":"real"}},{"source":{"name":"CostCenter","type":"String","physicalType":"String"},"sink":{"name":"CostCenter","type":"String","physicalType":"nvarchar"}},{"source":{"name":"ConsumedService","type":"String","physicalType":"String"},"sink":{"name":"ConsumedService","type":"String","physicalType":"nvarchar"}},{"source":{"name":"ResourceId","type":"String","physicalType":"String"},"sink":{"name":"ResourceId","type":"String","physicalType":"nvarchar"}},{"source":{"name":"Tags","type":"String","physicalType":"String"},"sink":{"name":"Tags","type":"String","physicalType":"nvarchar"}},{"source":{"name":"OfferId","type":"String","physicalType":"String"},"sink":{"name":"OfferId","type":"String","physicalType":"nvarchar"}},{"source":{"name":"AdditionalInfo","type":"String","physicalType":"String"},"sink":{"name":"AdditionalInfo","type":"String","physicalType":"nvarchar"}},{"source":{"name":"ServiceInfo1","type":"String","physicalType":"String"},"sink":{"name":"ServiceInfo1","type":"String","physicalType":"nvarchar"}},{"source":{"name":"ServiceInfo2","type":"String","physicalType":"String"},"sink":{"name":"ServiceInfo2","type":"String","physicalType":"nvarchar"}},{"source":{"name":"ResourceName","type":"String","physicalType":"String"},"sink":{"name":"ResourceName","type":"String","physicalType":"nvarchar"}},{"source":{"name":"ReservationId","type":"String","physicalType":"String"},"sink":{"name":"ReservationId","type":"String","physicalType":"nvarchar"}},{"source":{"name":"ReservationName","type":"String","physicalType":"String"},"sink":{"name":"ReservationName","type":"String","physicalType":"nvarchar"}},{"source":{"name":"UnitPrice","type":"String","physicalType":"String"},"sink":{"name":"UnitPrice","type":"String","physicalType":"nvarchar"}},{"source":{"name":"ProductOrderId","type":"String","physicalType":"String"},"sink":{"name":"ProductOrderId","type":"String","physicalType":"nvarchar"}},{"source":{"name":"ProductOrderName","type":"String","physicalType":"String"},"sink":{"name":"ProductOrderName","type":"String","physicalType":"nvarchar"}},{"source":{"name":"Term","type":"String","physicalType":"String"},"sink":{"name":"Term","type":"String","physicalType":"nvarchar"}},{"source":{"name":"PublisherType","type":"String","physicalType":"String"},"sink":{"name":"PublisherType","type":"String","physicalType":"nvarchar"}},{"source":{"name":"PublisherName","type":"String","physicalType":"String"},"sink":{"name":"PublisherName","type":"String","physicalType":"nvarchar"}},{"source":{"name":"ChargeType","type":"String","physicalType":"String"},"sink":{"name":"ChargeType","type":"String","physicalType":"nvarchar"}},{"source":{"name":"Frequency","type":"String","physicalType":"String"},"sink":{"name":"Frequency","type":"String","physicalType":"nvarchar"}},{"source":{"name":"PricingModel","type":"String","physicalType":"String"},"sink":{"name":"PricingModel","type":"String","physicalType":"nvarchar"}},{"source":{"name":"AvailabilityZone","type":"String","physicalType":"String"},"sink":{"name":"AvailabilityZone","type":"String","physicalType":"nvarchar"}},{"source":{"name":"BillingAccountId","type":"String","physicalType":"String"},"sink":{"name":"BillingAccountId","type":"String","physicalType":"nvarchar"}},{"source":{"name":"BillingAccountName","type":"String","physicalType":"String"},"sink":{"name":"BillingAccountName","type":"String","physicalType":"nvarchar"}},{"source":{"name":"BillingCurrencyCode","type":"String","physicalType":"String"},"sink":{"name":"BillingCurrencyCode","type":"String","physicalType":"nvarchar"}},{"source":{"name":"BillingPeriodStartDate","type":"String","physicalType":"String"},"sink":{"name":"BillingPeriodStartDate","type":"String","physicalType":"nvarchar"}},{"source":{"name":"BillingPeriodEndDate","type":"String","physicalType":"String"},"sink":{"name":"BillingPeriodEndDate","type":"String","physicalType":"nvarchar"}},{"source":{"name":"BillingProfileId","type":"String","physicalType":"String"},"sink":{"name":"BillingProfileId","type":"String","physicalType":"nvarchar"}},{"source":{"name":"BillingProfileName","type":"String","physicalType":"String"},"sink":{"name":"BillingProfileName","type":"String","physicalType":"nvarchar"}},{"source":{"name":"InvoiceSectionId","type":"String","physicalType":"String"},"sink":{"name":"InvoiceSectionId","type":"String","physicalType":"nvarchar"}},{"source":{"name":"IsAzureCreditEligible","type":"String","physicalType":"String"},"sink":{"name":"IsAzureCreditEligible","type":"String","physicalType":"nvarchar"}},{"source":{"name":"PartNumber","type":"String","physicalType":"String"},"sink":{"name":"PartNumber","type":"String","physicalType":"nvarchar"}},{"source":{"name":"PayGPrice","type":"String","physicalType":"String"},"sink":{"name":"PayGPrice","type":"String","physicalType":"nvarchar"}},{"source":{"name":"PlanName","type":"String","physicalType":"String"},"sink":{"name":"PlanName","type":"String","physicalType":"nvarchar"}},{"source":{"name":"ServiceFamily","type":"String","physicalType":"String"},"sink":{"name":"ServiceFamily","type":"String","physicalType":"nvarchar"}},{"source":{"name":"CostAllocationRuleName","type":"String","physicalType":"String"},"sink":{"name":"CostAllocationRuleName","type":"String","physicalType":"nvarchar"}},{"source":{"name":"benefitId","type":"String","physicalType":"String"},"sink":{"name":"benefitId","type":"String","physicalType":"nvarchar"}},{"source":{"name":"benefitName","type":"String","physicalType":"String"},"sink":{"name":"benefitName","type":"String","physicalType":"nvarchar"}}],"typeConversion":true,"typeConversionSettings":{"allowDataTruncation":true,"treatBooleanAsNumber":false}}},"inputs":[{"referenceName":"satCSVCost","type":"DatasetReference","parameters":{}}],"outputs":[{"referenceName":"satCostStaging","type":"DatasetReference","parameters":{}}]},{"name":"API manager function","type":"AzureFunctionActivity","dependsOn":[],"policy":{"timeout":"0.12:00:00","retry":0,"retryIntervalInSeconds":30,"secureOutput":false,"secureInput":false},"userProperties":[],"typeProperties":{"functionName":"azureServicesUpdates","method":"GET","headers":{}},"linkedServiceName":{"referenceName":"[parameters('entityExtractor')]","type":"LinkedServiceReference"}},{"name":"stagingToCostTable","type":"SqlServerStoredProcedure","dependsOn":[{"activity":"CSV to staging","dependencyConditions":["Succeeded"]}],"policy":{"timeout":"0.12:00:00","retry":0,"retryIntervalInSeconds":30,"secureOutput":false,"secureInput":false},"userProperties":[],"typeProperties":{"storedProcedureName":"[[costmg].[generaComparativoSAT]"},"linkedServiceName":{"referenceName":"[parameters('AzureSQLGordonSQL')]","type":"LinkedServiceReference"}},{"name":"AggregatesAndComparative","type":"SqlServerStoredProcedure","dependsOn":[{"activity":"stagingToCostTable","dependencyConditions":["Succeeded"]}],"policy":{"timeout":"0.12:00:00","retry":0,"retryIntervalInSeconds":30,"secureOutput":false,"secureInput":false},"userProperties":[],"typeProperties":{"storedProcedureName":"[[costmg].[generaComparativoSAT]"},"linkedServiceName":{"referenceName":"[parameters('AzureSQLGordonSQL')]","type":"LinkedServiceReference"}}],"policy":{"elapsedTimeMetric":{},"cancelAfter":{}},"parameters":{"periodo":{"type":"int","defaultValue":0},"cliente":{"type":"string"}},"annotations":[]},"dependsOn":["[concat(variables('factoryId'), '/datasets/satCSVCost')]","[concat(variables('factoryId'), '/datasets/satCostStaging')]"]},{"name":"[concat(parameters('factoryName'), '/satCSVCost')]","type":"Microsoft.DataFactory/factories/datasets","apiVersion":"2018-06-01","properties":{"linkedServiceName":{"referenceName":"[parameters('costCesar')]","type":"LinkedServiceReference"},"annotations":[],"type":"DelimitedText","typeProperties":{"location":{"type":"AzureBlobStorageLocation","fileName":"Details202210.csv","folderPath":"AzureCost","container":"costexport"},"columnDelimiter":",","escapeChar":"\"","firstRowAsHeader":true,"quoteChar":"\""},"schema":[{"name":"InvoiceSectionName","type":"String"},{"name":"AccountName","type":"String"},{"name":"AccountOwnerId","type":"String"},{"name":"SubscriptionId","type":"String"},{"name":"SubscriptionName","type":"String"},{"name":"ResourceGroup","type":"String"},{"name":"ResourceLocation","type":"String"},{"name":"Date","type":"String"},{"name":"ProductName","type":"String"},{"name":"MeterCategory","type":"String"},{"name":"MeterSubCategory","type":"String"},{"name":"MeterId","type":"String"},{"name":"MeterName","type":"String"},{"name":"MeterRegion","type":"String"},{"name":"UnitOfMeasure","type":"String"},{"name":"Quantity","type":"String"},{"name":"EffectivePrice","type":"String"},{"name":"CostInBillingCurrency","type":"String"},{"name":"CostCenter","type":"String"},{"name":"ConsumedService","type":"String"},{"name":"ResourceId","type":"String"},{"name":"Tags","type":"String"},{"name":"OfferId","type":"String"},{"name":"AdditionalInfo","type":"String"},{"name":"ServiceInfo1","type":"String"},{"name":"ServiceInfo2","type":"String"},{"name":"ResourceName","type":"String"},{"name":"ReservationId","type":"String"},{"name":"ReservationName","type":"String"},{"name":"UnitPrice","type":"String"},{"name":"ProductOrderId","type":"String"},{"name":"ProductOrderName","type":"String"},{"name":"Term","type":"String"},{"name":"PublisherType","type":"String"},{"name":"PublisherName","type":"String"},{"name":"ChargeType","type":"String"},{"name":"Frequency","type":"String"},{"name":"PricingModel","type":"String"},{"name":"AvailabilityZone","type":"String"},{"name":"BillingAccountId","type":"String"},{"name":"BillingAccountName","type":"String"},{"name":"BillingCurrencyCode","type":"String"},{"name":"BillingPeriodStartDate","type":"String"},{"name":"BillingPeriodEndDate","type":"String"},{"name":"BillingProfileId","type":"String"},{"name":"BillingProfileName","type":"String"},{"name":"InvoiceSectionId","type":"String"},{"name":"IsAzureCreditEligible","type":"String"},{"name":"PartNumber","type":"String"},{"name":"PayGPrice","type":"String"},{"name":"PlanName","type":"String"},{"name":"ServiceFamily","type":"String"},{"name":"CostAllocationRuleName","type":"String"},{"name":"benefitId","type":"String"},{"name":"benefitName","type":"String"}]},"dependsOn":[]},{"name":"[concat(parameters('factoryName'), '/satCostStaging')]","type":"Microsoft.DataFactory/factories/datasets","apiVersion":"2018-06-01","properties":{"linkedServiceName":{"referenceName":"[parameters('AzureSQLGordonSQL')]","type":"LinkedServiceReference"},"annotations":[],"type":"AzureSqlTable","schema":[{"name":"InvoiceSectionName","type":"nvarchar"},{"name":"AccountName","type":"nvarchar"},{"name":"AccountOwnerId","type":"nvarchar"},{"name":"SubscriptionId","type":"nvarchar"},{"name":"SubscriptionName","type":"nvarchar"},{"name":"ResourceGroup","type":"nvarchar"},{"name":"ResourceLocation","type":"nvarchar"},{"name":"Date","type":"date"},{"name":"ProductName","type":"nvarchar"},{"name":"MeterCategory","type":"nvarchar"},{"name":"MeterSubCategory","type":"nvarchar"},{"name":"MeterId","type":"nvarchar"},{"name":"MeterName","type":"nvarchar"},{"name":"MeterRegion","type":"nvarchar"},{"name":"UnitOfMeasure","type":"nvarchar"},{"name":"Quantity","type":"real","precision":7},{"name":"EffectivePrice","type":"nvarchar"},{"name":"CostInBillingCurrency","type":"real","precision":7},{"name":"CostCenter","type":"nvarchar"},{"name":"ConsumedService","type":"nvarchar"},{"name":"ResourceId","type":"nvarchar"},{"name":"Tags","type":"nvarchar"},{"name":"OfferId","type":"nvarchar"},{"name":"AdditionalInfo","type":"nvarchar"},{"name":"ServiceInfo1","type":"nvarchar"},{"name":"ServiceInfo2","type":"nvarchar"},{"name":"ResourceName","type":"nvarchar"},{"name":"ReservationId","type":"nvarchar"},{"name":"ReservationName","type":"nvarchar"},{"name":"UnitPrice","type":"nvarchar"},{"name":"ProductOrderId","type":"nvarchar"},{"name":"ProductOrderName","type":"nvarchar"},{"name":"Term","type":"nvarchar"},{"name":"PublisherType","type":"nvarchar"},{"name":"PublisherName","type":"nvarchar"},{"name":"ChargeType","type":"nvarchar"},{"name":"Frequency","type":"nvarchar"},{"name":"PricingModel","type":"nvarchar"},{"name":"AvailabilityZone","type":"nvarchar"},{"name":"BillingAccountId","type":"nvarchar"},{"name":"BillingAccountName","type":"nvarchar"},{"name":"BillingCurrencyCode","type":"nvarchar"},{"name":"BillingPeriodStartDate","type":"nvarchar"},{"name":"BillingPeriodEndDate","type":"nvarchar"},{"name":"BillingProfileId","type":"nvarchar"},{"name":"BillingProfileName","type":"nvarchar"},{"name":"InvoiceSectionId","type":"nvarchar"},{"name":"IsAzureCreditEligible","type":"nvarchar"},{"name":"PartNumber","type":"nvarchar"},{"name":"PayGPrice","type":"nvarchar"},{"name":"PlanName","type":"nvarchar"},{"name":"ServiceFamily","type":"nvarchar"},{"name":"CostAllocationRuleName","type":"nvarchar"},{"name":"benefitId","type":"nvarchar"},{"name":"benefitName","type":"nvarchar"}],"typeProperties":{"schema":"dbo","table":"satCostStaging"}},"dependsOn":[]}]}