{
  "IsEncrypted": false,
  "Values": {
    "WEBSITE_SLOT_NAME": "Production",
    "BillID": "5958050",
    "FUNCTIONS_EXTENSION_VERSION": "~4",
    "ScmType": "None",
    "WEBSITE_AUTH_ENABLED": "False",
    "WEBSITE_RUN_FROM_PACKAGE": "1",
    "REMOTEDEBUGGINGVERSION": "16.0.32106.67",
    "APPLICATIONINSIGHTS_CONNECTION_STRING": "InstrumentationKey=a6dbe71e-7bd6-43c9-bc1f-1be8fba2e976;IngestionEndpoint=https://centralus-2.in.applicationinsights.azure.com/;LiveEndpoint=https://centralus.livediagnostics.monitor.azure.com/",
    "FUNCTIONS_RUNTIME_SCALE_MONITORING_ENABLED": "0",
    "WEBSITE_CONTENTAZUREFILECONNECTIONSTRING": "DefaultEndpointsProtocol=https;AccountName=ctmmcostazure;AccountKey=nmey+JlKHoOZ690sKbLG8JQx15/yKjA+S669oJB3xtNFapQEPFxxpx3NnfgjCX386lbKpQfi1Ihh+AStOduxcg==;EndpointSuffix=core.windows.net",
    "WEBSITE_CONTENTSHARE": "azcostmanagementmc",
    "FUNCTIONS_WORKER_RUNTIME": "dotnet",
    "AccountKey": "nmey+JlKHoOZ690sKbLG8JQx15/yKjA+S669oJB3xtNFapQEPFxxpx3NnfgjCX386lbKpQfi1Ihh+AStOduxcg==",
    "WEBSITE_AUTH_AUTO_AAD": "False",
    "AzureWebJobsStorage": "DefaultEndpointsProtocol=https;AccountName=ctmmcostazure;AccountKey=nmey+JlKHoOZ690sKbLG8JQx15/yKjA+S669oJB3xtNFapQEPFxxpx3NnfgjCX386lbKpQfi1Ihh+AStOduxcg==;EndpointSuffix=core.windows.net",
    "AccountName": "ctmmcostazure",
    "WEBSITE_SITE_NAME": "AZCostManagementMC",
    "ContainerName": "costexport",
    "WEBSITE_AUTH_LOGOUT_PATH": "/.auth/logout"
  }
}