{"$schema":"http://schema.management.azure.com/schemas/2015-01-01/deploymentTemplate.json#","contentVersion":"1.0.0.0","parameters":{"factoryName":{"type":"string","metadata":"Data Factory name"},"consumodb2":{"type":"string"},"consumoFunctionNewVersion":{"type":"string"},"gordonstorage3":{"type":"string"}},"variables":{"factoryId":"[concat('Microsoft.DataFactory/factories/', parameters('factoryName'))]"},"resources":[{"name":"[concat(parameters('factoryName'), '/costMasterPipelinev3')]","type":"Microsoft.DataFactory/factories/pipelines","apiVersion":"2018-06-01","properties":{"activities":[{"name":"Limpia periodo","type":"SqlServerStoredProcedure","dependsOn":[{"activity":"CheckProgress","dependencyConditions":["Succeeded"]}],"policy":{"timeout":"0.12:00:00","retry":0,"retryIntervalInSeconds":30,"secureOutput":false,"secureInput":false},"userProperties":[],"typeProperties":{"storedProcedureName":"[[cost].[limpiaPeriodoGenericov2]","storedProcedureParameters":{"period":{"value":{"value":"@pipeline().parameters.Period","type":"Expression"},"type":"Int16"},"TableName":{"value":{"value":"ConsumoAzure","type":"Expression"},"type":"String"}}},"linkedServiceName":{"referenceName":"[parameters('consumodb2')]","type":"LinkedServiceReference"}},{"name":"Genera agregado","type":"SqlServerStoredProcedure","dependsOn":[{"activity":"StagingToConsumo","dependencyConditions":["Succeeded"]}],"policy":{"timeout":"0.12:00:00","retry":0,"retryIntervalInSeconds":30,"secureOutput":false,"secureInput":false},"userProperties":[],"typeProperties":{"storedProcedureName":"cost.costos_procesamiento","storedProcedureParameters":{"period":{"value":{"value":"@pipeline().parameters.Period","type":"Expression"},"type":"Int16"}}},"linkedServiceName":{"referenceName":"[parameters('consumodb2')]","type":"LinkedServiceReference"}},{"name":"CSV To Staging","type":"Copy","dependsOn":[{"activity":"ObtenerPath","dependencyConditions":["Succeeded"]}],"policy":{"timeout":"0.12:00:00","retry":0,"retryIntervalInSeconds":30,"secureOutput":false,"secureInput":false},"userProperties":[],"typeProperties":{"source":{"type":"DelimitedTextSource","storeSettings":{"type":"AzureBlobStorageReadSettings","recursive":true,"enablePartitionDiscovery":false},"formatSettings":{"type":"DelimitedTextReadSettings"}},"sink":{"type":"AzureSqlSink","preCopyScript":{"value":"truncate table [cost].[AzureStaging]","type":"Expression"},"writeBehavior":"insert","sqlWriterUseTableLock":true,"disableMetricsCollection":false},"enableStaging":false,"parallelCopies":8,"dataIntegrationUnits":8,"translator":{"type":"TabularTranslator","mappings":[{"source":{"name":"InvoiceSectionName","type":"String","physicalType":"String"},"sink":{"name":"InvoiceSectionName","type":"String","physicalType":"nvarchar"}},{"source":{"name":"AccountName","type":"String","physicalType":"String"},"sink":{"name":"AccountName","type":"String","physicalType":"nvarchar"}},{"source":{"name":"AccountOwnerId","type":"String","physicalType":"String"},"sink":{"name":"AccountOwnerId","type":"String","physicalType":"nvarchar"}},{"source":{"name":"SubscriptionId","type":"String","physicalType":"String"},"sink":{"name":"SubscriptionId","type":"String","physicalType":"nvarchar"}},{"source":{"name":"SubscriptionName","type":"String","physicalType":"String"},"sink":{"name":"SubscriptionName","type":"String","physicalType":"nvarchar"}},{"source":{"name":"ResourceGroup","type":"String","physicalType":"String"},"sink":{"name":"ResourceGroup","type":"String","physicalType":"nvarchar"}},{"source":{"name":"ResourceLocation","type":"String","physicalType":"String"},"sink":{"name":"ResourceLocation","type":"String","physicalType":"nvarchar"}},{"source":{"name":"Date","type":"String","physicalType":"String"},"sink":{"name":"Date","type":"DateTime","physicalType":"date"}},{"source":{"name":"ProductName","type":"String","physicalType":"String"},"sink":{"name":"ProductName","type":"String","physicalType":"nvarchar"}},{"source":{"name":"MeterCategory","type":"String","physicalType":"String"},"sink":{"name":"MeterCategory","type":"String","physicalType":"nvarchar"}},{"source":{"name":"MeterSubCategory","type":"String","physicalType":"String"},"sink":{"name":"MeterSubCategory","type":"String","physicalType":"nvarchar"}},{"source":{"name":"MeterId","type":"String","physicalType":"String"},"sink":{"name":"MeterId","type":"String","physicalType":"nvarchar"}},{"source":{"name":"MeterName","type":"String","physicalType":"String"},"sink":{"name":"MeterName","type":"String","physicalType":"nvarchar"}},{"source":{"name":"MeterRegion","type":"String","physicalType":"String"},"sink":{"name":"MeterRegion","type":"String","physicalType":"nvarchar"}},{"source":{"name":"UnitOfMeasure","type":"String","physicalType":"String"},"sink":{"name":"UnitOfMeasure","type":"String","physicalType":"nvarchar"}},{"source":{"name":"Quantity","type":"String","physicalType":"String"},"sink":{"name":"Quantity","type":"Single","physicalType":"real"}},{"source":{"name":"EffectivePrice","type":"String","physicalType":"String"},"sink":{"name":"EffectivePrice","type":"String","physicalType":"nvarchar"}},{"source":{"name":"CostInBillingCurrency","type":"String","physicalType":"String"},"sink":{"name":"CostInBillingCurrency","type":"Single","physicalType":"real"}},{"source":{"name":"CostCenter","type":"String","physicalType":"String"},"sink":{"name":"CostCenter","type":"String","physicalType":"nvarchar"}},{"source":{"name":"ConsumedService","type":"String","physicalType":"String"},"sink":{"name":"ConsumedService","type":"String","physicalType":"nvarchar"}},{"source":{"name":"ResourceId","type":"String","physicalType":"String"},"sink":{"name":"ResourceId","type":"String","physicalType":"nvarchar"}},{"source":{"name":"Tags","type":"String","physicalType":"String"},"sink":{"name":"Tags","type":"String","physicalType":"nvarchar"}},{"source":{"name":"OfferId","type":"String","physicalType":"String"},"sink":{"name":"OfferId","type":"String","physicalType":"nvarchar"}},{"source":{"name":"AdditionalInfo","type":"String","physicalType":"String"},"sink":{"name":"AdditionalInfo","type":"String","physicalType":"nvarchar"}},{"source":{"name":"ServiceInfo1","type":"String","physicalType":"String"},"sink":{"name":"ServiceInfo1","type":"String","physicalType":"nvarchar"}},{"source":{"name":"ServiceInfo2","type":"String","physicalType":"String"},"sink":{"name":"ServiceInfo2","type":"String","physicalType":"nvarchar"}},{"source":{"name":"ResourceName","type":"String","physicalType":"String"},"sink":{"name":"ResourceName","type":"String","physicalType":"nvarchar"}},{"source":{"name":"ReservationId","type":"String","physicalType":"String"},"sink":{"name":"ReservationId","type":"String","physicalType":"nvarchar"}},{"source":{"name":"ReservationName","type":"String","physicalType":"String"},"sink":{"name":"ReservationName","type":"String","physicalType":"nvarchar"}},{"source":{"name":"UnitPrice","type":"String","physicalType":"String"},"sink":{"name":"UnitPrice","type":"String","physicalType":"nvarchar"}},{"source":{"name":"ProductOrderId","type":"String","physicalType":"String"},"sink":{"name":"ProductOrderId","type":"String","physicalType":"nvarchar"}},{"source":{"name":"ProductOrderName","type":"String","physicalType":"String"},"sink":{"name":"ProductOrderName","type":"String","physicalType":"nvarchar"}},{"source":{"name":"Term","type":"String","physicalType":"String"},"sink":{"name":"Term","type":"String","physicalType":"nvarchar"}},{"source":{"name":"PublisherType","type":"String","physicalType":"String"},"sink":{"name":"PublisherType","type":"String","physicalType":"nvarchar"}},{"source":{"name":"PublisherName","type":"String","physicalType":"String"},"sink":{"name":"PublisherName","type":"String","physicalType":"nvarchar"}},{"source":{"name":"ChargeType","type":"String","physicalType":"String"},"sink":{"name":"ChargeType","type":"String","physicalType":"nvarchar"}},{"source":{"name":"Frequency","type":"String","physicalType":"String"},"sink":{"name":"Frequency","type":"String","physicalType":"nvarchar"}},{"source":{"name":"PricingModel","type":"String","physicalType":"String"},"sink":{"name":"PricingModel","type":"String","physicalType":"nvarchar"}},{"source":{"name":"AvailabilityZone","type":"String","physicalType":"String"},"sink":{"name":"AvailabilityZone","type":"String","physicalType":"nvarchar"}},{"source":{"name":"BillingAccountId","type":"String","physicalType":"String"},"sink":{"name":"BillingAccountId","type":"String","physicalType":"nvarchar"}},{"source":{"name":"BillingAccountName","type":"String","physicalType":"String"},"sink":{"name":"BillingAccountName","type":"String","physicalType":"nvarchar"}},{"source":{"name":"BillingCurrencyCode","type":"String","physicalType":"String"},"sink":{"name":"BillingCurrencyCode","type":"String","physicalType":"nvarchar"}},{"source":{"name":"BillingPeriodStartDate","type":"String","physicalType":"String"},"sink":{"name":"BillingPeriodStartDate","type":"String","physicalType":"nvarchar"}},{"source":{"name":"BillingPeriodEndDate","type":"String","physicalType":"String"},"sink":{"name":"BillingPeriodEndDate","type":"String","physicalType":"nvarchar"}},{"source":{"name":"BillingProfileId","type":"String","physicalType":"String"},"sink":{"name":"BillingProfileId","type":"String","physicalType":"nvarchar"}},{"source":{"name":"BillingProfileName","type":"String","physicalType":"String"},"sink":{"name":"BillingProfileName","type":"String","physicalType":"nvarchar"}},{"source":{"name":"InvoiceSectionId","type":"String","physicalType":"String"},"sink":{"name":"InvoiceSectionId","type":"String","physicalType":"nvarchar"}},{"source":{"name":"IsAzureCreditEligible","type":"String","physicalType":"String"},"sink":{"name":"IsAzureCreditEligible","type":"String","physicalType":"nvarchar"}},{"source":{"name":"PartNumber","type":"String","physicalType":"String"},"sink":{"name":"PartNumber","type":"String","physicalType":"nvarchar"}},{"source":{"name":"PayGPrice","type":"String","physicalType":"String"},"sink":{"name":"PayGPrice","type":"String","physicalType":"nvarchar"}},{"source":{"name":"PlanName","type":"String","physicalType":"String"},"sink":{"name":"PlanName","type":"String","physicalType":"nvarchar"}},{"source":{"name":"ServiceFamily","type":"String","physicalType":"String"},"sink":{"name":"ServiceFamily","type":"String","physicalType":"nvarchar"}},{"source":{"name":"CostAllocationRuleName","type":"String","physicalType":"String"},"sink":{"name":"CostAllocationRuleName","type":"String","physicalType":"nvarchar"}},{"source":{"name":"benefitId","type":"String","physicalType":"String"},"sink":{"name":"benefitId","type":"String","physicalType":"nvarchar"}},{"source":{"name":"benefitName","type":"String","physicalType":"String"},"sink":{"name":"benefitName","type":"String","physicalType":"nvarchar"}}],"typeConversion":true,"typeConversionSettings":{"allowDataTruncation":true,"treatBooleanAsNumber":false}}},"inputs":[{"referenceName":"costFileMC","type":"DatasetReference","parameters":{"Path":{"value":"@activity('ObtenerPath').output.firstRow.Path","type":"Expression"}}}],"outputs":[{"referenceName":"cost_staging","type":"DatasetReference","parameters":{"staging_table":{"value":"AzureStaging","type":"Expression"}}}]},{"name":"GetCosts","type":"AzureFunctionActivity","dependsOn":[{"activity":"ValidarConexionSQL","dependencyConditions":["Succeeded"]}],"policy":{"timeout":"0.12:00:00","retry":0,"retryIntervalInSeconds":30,"secureOutput":false,"secureInput":false},"userProperties":[],"typeProperties":{"functionName":"GetCosts","body":{"value":"{\n\n    Period: @{pipeline().parameters.Period},\n\n    BillID: \"@{pipeline().parameters.BillID}\",\n\n    Customer: \"@{pipeline().parameters.Customer}\",\n\n    TenantID: \"@{pipeline().parameters.TenantID}\",\n\n    ClientID: \"@{pipeline().parameters.ClientID}\",\n\n    SecretValue: \"@{pipeline().parameters.Secret}\"\n\n}","type":"Expression"},"headers":{},"method":"POST"},"linkedServiceName":{"referenceName":"[parameters('consumoFunctionNewVersion')]","type":"LinkedServiceReference"}},{"name":"CheckProgress","type":"AzureFunctionActivity","dependsOn":[{"activity":"GetCosts","dependencyConditions":["Completed"]}],"policy":{"timeout":"0.12:00:00","retry":5,"retryIntervalInSeconds":300,"secureOutput":false,"secureInput":false},"userProperties":[],"typeProperties":{"functionName":"CheckProgress","body":{"value":"{\n\n    Customer: \"@{pipeline().parameters.Customer}\",\n\n    TenantID: \"@{pipeline().parameters.TenantID}\",\n\n    ClientID: \"@{pipeline().parameters.ClientID}\",\n\n    SecretValue: \"@{pipeline().parameters.Secret}\"\n\n}","type":"Expression"},"headers":{},"method":"POST"},"linkedServiceName":{"referenceName":"[parameters('consumoFunctionNewVersion')]","type":"LinkedServiceReference"}},{"name":"ObtenerPath","type":"Lookup","dependsOn":[{"activity":"Limpia periodo","dependencyConditions":["Succeeded"]}],"policy":{"timeout":"0.12:00:00","retry":0,"retryIntervalInSeconds":30,"secureOutput":false,"secureInput":false},"userProperties":[],"typeProperties":{"source":{"type":"AzureSqlSource","sqlReaderQuery":{"value":"Select top 1 [Path]  \nFROM [dbo].[CostManagementLogMC] WHERE [Customer] = '@{pipeline().parameters.Customer}'\nORDER BY ID DESC","type":"Expression"},"queryTimeout":"02:00:00","partitionOption":"None"},"dataset":{"referenceName":"costManagementLogMC","type":"DatasetReference","parameters":{}}}},{"name":"ValidarConexionSQL","type":"Lookup","dependsOn":[],"policy":{"timeout":"0.12:00:00","retry":0,"retryIntervalInSeconds":30,"secureOutput":false,"secureInput":false},"userProperties":[],"typeProperties":{"source":{"type":"AzureSqlSource","sqlReaderQuery":{"value":"Select 1","type":"Expression"},"queryTimeout":"02:00:00","partitionOption":"None"},"dataset":{"referenceName":"costManagementLogMC","type":"DatasetReference","parameters":{}}}},{"name":"StagingToConsumo","type":"Copy","dependsOn":[{"activity":"CSV To Staging","dependencyConditions":["Succeeded"]}],"policy":{"timeout":"0.12:00:00","retry":0,"retryIntervalInSeconds":30,"secureOutput":false,"secureInput":false},"userProperties":[],"typeProperties":{"source":{"type":"AzureSqlSource","queryTimeout":"02:00:00","partitionOption":"None"},"sink":{"type":"AzureSqlSink","writeBehavior":"insert","sqlWriterUseTableLock":true,"disableMetricsCollection":false},"enableStaging":false,"translator":{"type":"TabularTranslator","mappings":[{"source":{"name":"InvoiceSectionName","type":"String","physicalType":"nvarchar"},"sink":{"name":"InvoiceSectionName","type":"String","physicalType":"nvarchar"}},{"source":{"name":"AccountName","type":"String","physicalType":"nvarchar"},"sink":{"name":"AccountName","type":"String","physicalType":"nvarchar"}},{"source":{"name":"AccountOwnerId","type":"String","physicalType":"nvarchar"},"sink":{"name":"AccountOwnerId","type":"String","physicalType":"nvarchar"}},{"source":{"name":"SubscriptionId","type":"String","physicalType":"nvarchar"},"sink":{"name":"SubscriptionId","type":"String","physicalType":"nvarchar"}},{"source":{"name":"SubscriptionName","type":"String","physicalType":"nvarchar"},"sink":{"name":"SubscriptionName","type":"String","physicalType":"nvarchar"}},{"source":{"name":"ResourceGroup","type":"String","physicalType":"nvarchar"},"sink":{"name":"ResourceGroup","type":"String","physicalType":"nvarchar"}},{"source":{"name":"ResourceLocation","type":"String","physicalType":"nvarchar"},"sink":{"name":"ResourceLocation","type":"String","physicalType":"nvarchar"}},{"source":{"name":"Date","type":"DateTime","physicalType":"date"},"sink":{"name":"Date","type":"DateTime","physicalType":"date"}},{"source":{"name":"ProductName","type":"String","physicalType":"nvarchar"},"sink":{"name":"ProductName","type":"String","physicalType":"nvarchar"}},{"source":{"name":"MeterCategory","type":"String","physicalType":"nvarchar"},"sink":{"name":"MeterCategory","type":"String","physicalType":"nvarchar"}},{"source":{"name":"MeterSubCategory","type":"String","physicalType":"nvarchar"},"sink":{"name":"MeterSubCategory","type":"String","physicalType":"nvarchar"}},{"source":{"name":"MeterId","type":"String","physicalType":"nvarchar"},"sink":{"name":"MeterId","type":"String","physicalType":"nvarchar"}},{"source":{"name":"MeterName","type":"String","physicalType":"nvarchar"},"sink":{"name":"MeterName","type":"String","physicalType":"nvarchar"}},{"source":{"name":"MeterRegion","type":"String","physicalType":"nvarchar"},"sink":{"name":"MeterRegion","type":"String","physicalType":"nvarchar"}},{"source":{"name":"UnitOfMeasure","type":"String","physicalType":"nvarchar"},"sink":{"name":"UnitOfMeasure","type":"String","physicalType":"nvarchar"}},{"source":{"name":"Quantity","type":"Single","physicalType":"real"},"sink":{"name":"Quantity","type":"Single","physicalType":"real"}},{"source":{"name":"EffectivePrice","type":"String","physicalType":"nvarchar"},"sink":{"name":"EffectivePrice","type":"Single","physicalType":"real"}},{"source":{"name":"CostInBillingCurrency","type":"Single","physicalType":"real"},"sink":{"name":"CostInBillingCurrency","type":"Single","physicalType":"real"}},{"source":{"name":"CostCenter","type":"String","physicalType":"nvarchar"},"sink":{"name":"CostCenter","type":"String","physicalType":"nvarchar"}},{"source":{"name":"ConsumedService","type":"String","physicalType":"nvarchar"},"sink":{"name":"ConsumedService","type":"String","physicalType":"nvarchar"}},{"source":{"name":"ResourceId","type":"String","physicalType":"nvarchar"},"sink":{"name":"ResourceId","type":"String","physicalType":"nvarchar"}},{"source":{"name":"Tags","type":"String","physicalType":"nvarchar"},"sink":{"name":"Tags","type":"String","physicalType":"nvarchar"}},{"source":{"name":"OfferId","type":"String","physicalType":"nvarchar"},"sink":{"name":"OfferId","type":"String","physicalType":"nvarchar"}},{"source":{"name":"AdditionalInfo","type":"String","physicalType":"nvarchar"},"sink":{"name":"AdditionalInfo","type":"String","physicalType":"nvarchar"}},{"source":{"name":"ServiceInfo1","type":"String","physicalType":"nvarchar"},"sink":{"name":"ServiceInfo1","type":"String","physicalType":"nvarchar"}},{"source":{"name":"ServiceInfo2","type":"String","physicalType":"nvarchar"},"sink":{"name":"ServiceInfo2","type":"String","physicalType":"nvarchar"}},{"source":{"name":"ResourceName","type":"String","physicalType":"nvarchar"},"sink":{"name":"ResourceName","type":"String","physicalType":"nvarchar"}},{"source":{"name":"ReservationId","type":"String","physicalType":"nvarchar"},"sink":{"name":"ReservationId","type":"String","physicalType":"nvarchar"}},{"source":{"name":"ReservationName","type":"String","physicalType":"nvarchar"},"sink":{"name":"ReservationName","type":"String","physicalType":"nvarchar"}},{"source":{"name":"UnitPrice","type":"Single","physicalType":"real"},"sink":{"name":"UnitPrice","type":"Single","physicalType":"real"}},{"source":{"name":"ProductOrderId","type":"String","physicalType":"nvarchar"},"sink":{"name":"ProductOrderId","type":"String","physicalType":"nvarchar"}},{"source":{"name":"ProductOrderName","type":"String","physicalType":"nvarchar"},"sink":{"name":"ProductOrderName","type":"String","physicalType":"nvarchar"}},{"source":{"name":"Term","type":"String","physicalType":"nvarchar"},"sink":{"name":"Term","type":"String","physicalType":"nvarchar"}},{"source":{"name":"PublisherType","type":"String","physicalType":"nvarchar"},"sink":{"name":"PublisherType","type":"String","physicalType":"nvarchar"}},{"source":{"name":"PublisherName","type":"String","physicalType":"nvarchar"},"sink":{"name":"PublisherName","type":"String","physicalType":"nvarchar"}},{"source":{"name":"ChargeType","type":"String","physicalType":"nvarchar"},"sink":{"name":"ChargeType","type":"String","physicalType":"nvarchar"}},{"source":{"name":"Frequency","type":"String","physicalType":"nvarchar"},"sink":{"name":"Frequency","type":"String","physicalType":"nvarchar"}},{"source":{"name":"PricingModel","type":"String","physicalType":"nvarchar"},"sink":{"name":"PricingModel","type":"String","physicalType":"nvarchar"}},{"source":{"name":"AvailabilityZone","type":"String","physicalType":"nvarchar"},"sink":{"name":"AvailabilityZone","type":"String","physicalType":"nvarchar"}},{"source":{"name":"BillingAccountId","type":"String","physicalType":"nvarchar"},"sink":{"name":"BillingAccountId","type":"String","physicalType":"nvarchar"}},{"source":{"name":"BillingAccountName","type":"String","physicalType":"nvarchar"},"sink":{"name":"BillingAccountName","type":"String","physicalType":"nvarchar"}},{"source":{"name":"BillingCurrencyCode","type":"String","physicalType":"nvarchar"},"sink":{"name":"BillingCurrencyCode","type":"String","physicalType":"nvarchar"}},{"source":{"name":"BillingPeriodStartDate","type":"String","physicalType":"nvarchar"},"sink":{"name":"BillingPeriodStartDate","type":"String","physicalType":"nvarchar"}},{"source":{"name":"BillingPeriodEndDate","type":"String","physicalType":"nvarchar"},"sink":{"name":"BillingPeriodEndDate","type":"String","physicalType":"nvarchar"}},{"source":{"name":"BillingProfileId","type":"String","physicalType":"nvarchar"},"sink":{"name":"BillingProfileId","type":"String","physicalType":"nvarchar"}},{"source":{"name":"BillingProfileName","type":"String","physicalType":"nvarchar"},"sink":{"name":"BillingProfileName","type":"String","physicalType":"nvarchar"}},{"source":{"name":"InvoiceSectionId","type":"String","physicalType":"nvarchar"},"sink":{"name":"InvoiceSectionId","type":"String","physicalType":"nvarchar"}},{"source":{"name":"IsAzureCreditEligible","type":"String","physicalType":"nvarchar"},"sink":{"name":"IsAzureCreditEligible","type":"String","physicalType":"nvarchar"}},{"source":{"name":"PartNumber","type":"String","physicalType":"nvarchar"},"sink":{"name":"PartNumber","type":"String","physicalType":"nvarchar"}},{"source":{"name":"PayGPrice","type":"String","physicalType":"nvarchar"},"sink":{"name":"PayGPrice","type":"String","physicalType":"nvarchar"}},{"source":{"name":"PlanName","type":"String","physicalType":"nvarchar"},"sink":{"name":"PlanName","type":"String","physicalType":"nvarchar"}},{"source":{"name":"ServiceFamily","type":"String","physicalType":"nvarchar"},"sink":{"name":"ServiceFamily","type":"String","physicalType":"nvarchar"}},{"source":{"name":"CostAllocationRuleName","type":"String","physicalType":"nvarchar"},"sink":{"name":"CostAllocationRuleName","type":"String","physicalType":"nvarchar"}},{"source":{"name":"benefitId","type":"String","physicalType":"nvarchar"},"sink":{"name":"benefitId","type":"String","physicalType":"nvarchar"}},{"source":{"name":"benefitName","type":"String","physicalType":"nvarchar"},"sink":{"name":"benefitName","type":"String","physicalType":"nvarchar"}}],"typeConversion":true,"typeConversionSettings":{"allowDataTruncation":true,"treatBooleanAsNumber":false}}},"inputs":[{"referenceName":"consumoStagingGenerico","type":"DatasetReference","parameters":{"CustomerStagingTable":"AzureStaging"}}],"outputs":[{"referenceName":"consumoGenerico","type":"DatasetReference","parameters":{"CustomerTable":"consumoAzure"}}]}],"policy":{"elapsedTimeMetric":{}},"parameters":{"BillID":{"type":"string"},"TenantID":{"type":"string"},"ClientID":{"type":"string"},"Secret":{"type":"string"},"Period":{"type":"int","defaultValue":0},"Customer":{"type":"string","defaultValue":"NombreEmpresa"}},"folder":{"name":"Cost"},"annotations":[],"lastPublishTime":"2025-05-20T16:27:55Z"},"dependsOn":["[concat(variables('factoryId'), '/datasets/costFileMC')]","[concat(variables('factoryId'), '/datasets/cost_staging')]","[concat(variables('factoryId'), '/datasets/costManagementLogMC')]","[concat(variables('factoryId'), '/datasets/consumoStagingGenerico')]","[concat(variables('factoryId'), '/datasets/consumoGenerico')]"]},{"name":"[concat(parameters('factoryName'), '/costFileMC')]","type":"Microsoft.DataFactory/factories/datasets","apiVersion":"2018-06-01","properties":{"linkedServiceName":{"referenceName":"[parameters('gordonstorage3')]","type":"LinkedServiceReference"},"parameters":{"Path":{"type":"string","defaultValue":"DetailsSAT_202211.csv"}},"annotations":[],"type":"DelimitedText","typeProperties":{"location":{"type":"AzureBlobStorageLocation","fileName":{"value":"@dataset().Path","type":"Expression"},"container":"costexport"},"columnDelimiter":",","escapeChar":"\"","firstRowAsHeader":true,"quoteChar":"\""},"schema":[{"name":"InvoiceSectionName","type":"String"},{"name":"AccountName","type":"String"},{"name":"AccountOwnerId","type":"String"},{"name":"SubscriptionId","type":"String"},{"name":"SubscriptionName","type":"String"},{"name":"ResourceGroup","type":"String"},{"name":"ResourceLocation","type":"String"},{"name":"Date","type":"String"},{"name":"ProductName","type":"String"},{"name":"MeterCategory","type":"String"},{"name":"MeterSubCategory","type":"String"},{"name":"MeterId","type":"String"},{"name":"MeterName","type":"String"},{"name":"MeterRegion","type":"String"},{"name":"UnitOfMeasure","type":"String"},{"name":"Quantity","type":"String"},{"name":"EffectivePrice","type":"String"},{"name":"CostInBillingCurrency","type":"String"},{"name":"CostCenter","type":"String"},{"name":"ConsumedService","type":"String"},{"name":"ResourceId","type":"String"},{"name":"Tags","type":"String"},{"name":"OfferId","type":"String"},{"name":"AdditionalInfo","type":"String"},{"name":"ServiceInfo1","type":"String"},{"name":"ServiceInfo2","type":"String"},{"name":"ResourceName","type":"String"},{"name":"ReservationId","type":"String"},{"name":"ReservationName","type":"String"},{"name":"UnitPrice","type":"String"},{"name":"ProductOrderId","type":"String"},{"name":"ProductOrderName","type":"String"},{"name":"Term","type":"String"},{"name":"PublisherType","type":"String"},{"name":"PublisherName","type":"String"},{"name":"ChargeType","type":"String"},{"name":"Frequency","type":"String"},{"name":"PricingModel","type":"String"},{"name":"AvailabilityZone","type":"String"},{"name":"BillingAccountId","type":"String"},{"name":"BillingAccountName","type":"String"},{"name":"BillingCurrencyCode","type":"String"},{"name":"BillingPeriodStartDate","type":"String"},{"name":"BillingPeriodEndDate","type":"String"},{"name":"BillingProfileId","type":"String"},{"name":"BillingProfileName","type":"String"},{"name":"InvoiceSectionId","type":"String"},{"name":"IsAzureCreditEligible","type":"String"},{"name":"PartNumber","type":"String"},{"name":"PayGPrice","type":"String"},{"name":"PlanName","type":"String"},{"name":"ServiceFamily","type":"String"},{"name":"CostAllocationRuleName","type":"String"},{"name":"benefitId","type":"String"},{"name":"benefitName","type":"String"}]},"dependsOn":[]},{"name":"[concat(parameters('factoryName'), '/cost_staging')]","type":"Microsoft.DataFactory/factories/datasets","apiVersion":"2018-06-01","properties":{"linkedServiceName":{"referenceName":"[parameters('consumodb2')]","type":"LinkedServiceReference"},"parameters":{"staging_table":{"type":"string"}},"annotations":[],"type":"AzureSqlTable","schema":[{"name":"InvoiceSectionName","type":"nvarchar"},{"name":"AccountName","type":"nvarchar"},{"name":"AccountOwnerId","type":"nvarchar"},{"name":"SubscriptionId","type":"nvarchar"},{"name":"SubscriptionName","type":"nvarchar"},{"name":"ResourceGroup","type":"nvarchar"},{"name":"ResourceLocation","type":"nvarchar"},{"name":"Date","type":"date"},{"name":"ProductName","type":"nvarchar"},{"name":"MeterCategory","type":"nvarchar"},{"name":"MeterSubCategory","type":"nvarchar"},{"name":"MeterId","type":"nvarchar"},{"name":"MeterName","type":"nvarchar"},{"name":"MeterRegion","type":"nvarchar"},{"name":"UnitOfMeasure","type":"nvarchar"},{"name":"Quantity","type":"real","precision":7},{"name":"EffectivePrice","type":"nvarchar"},{"name":"CostInBillingCurrency","type":"real","precision":7},{"name":"CostCenter","type":"nvarchar"},{"name":"ConsumedService","type":"nvarchar"},{"name":"ResourceId","type":"nvarchar"},{"name":"Tags","type":"nvarchar"},{"name":"OfferId","type":"nvarchar"},{"name":"AdditionalInfo","type":"nvarchar"},{"name":"ServiceInfo1","type":"nvarchar"},{"name":"ServiceInfo2","type":"nvarchar"},{"name":"ResourceName","type":"nvarchar"},{"name":"ReservationId","type":"nvarchar"},{"name":"ReservationName","type":"nvarchar"},{"name":"UnitPrice","type":"real","precision":7},{"name":"ProductOrderId","type":"nvarchar"},{"name":"ProductOrderName","type":"nvarchar"},{"name":"Term","type":"nvarchar"},{"name":"PublisherType","type":"nvarchar"},{"name":"PublisherName","type":"nvarchar"},{"name":"ChargeType","type":"nvarchar"},{"name":"Frequency","type":"nvarchar"},{"name":"PricingModel","type":"nvarchar"},{"name":"AvailabilityZone","type":"nvarchar"},{"name":"BillingAccountId","type":"nvarchar"},{"name":"BillingAccountName","type":"nvarchar"},{"name":"BillingCurrencyCode","type":"nvarchar"},{"name":"BillingPeriodStartDate","type":"nvarchar"},{"name":"BillingPeriodEndDate","type":"nvarchar"},{"name":"BillingProfileId","type":"nvarchar"},{"name":"BillingProfileName","type":"nvarchar"},{"name":"InvoiceSectionId","type":"nvarchar"},{"name":"IsAzureCreditEligible","type":"nvarchar"},{"name":"PartNumber","type":"nvarchar"},{"name":"PayGPrice","type":"nvarchar"},{"name":"PlanName","type":"nvarchar"},{"name":"ServiceFamily","type":"nvarchar"},{"name":"CostAllocationRuleName","type":"nvarchar"},{"name":"benefitId","type":"nvarchar"},{"name":"benefitName","type":"nvarchar"}],"typeProperties":{"schema":"cost","table":{"value":"@dataset().staging_table","type":"Expression"}}},"dependsOn":[]},{"name":"[concat(parameters('factoryName'), '/costManagementLogMC')]","type":"Microsoft.DataFactory/factories/datasets","apiVersion":"2018-06-01","properties":{"linkedServiceName":{"referenceName":"[parameters('consumodb2')]","type":"LinkedServiceReference"},"annotations":[],"type":"AzureSqlTable","schema":[{"name":"ID","type":"int","precision":10},{"name":"Customer","type":"varchar"},{"name":"Status","type":"int","precision":10},{"name":"PeriodName","type":"varchar"},{"name":"StartDate","type":"datetime","precision":23,"scale":3},{"name":"URL","type":"varchar"},{"name":"Path","type":"varchar"}],"typeProperties":{"schema":"dbo","table":"CostManagementLogMC"}},"dependsOn":[]},{"name":"[concat(parameters('factoryName'), '/consumoStagingGenerico')]","type":"Microsoft.DataFactory/factories/datasets","apiVersion":"2018-06-01","properties":{"linkedServiceName":{"referenceName":"[parameters('consumodb2')]","type":"LinkedServiceReference"},"parameters":{"CustomerStagingTable":{"type":"string"}},"annotations":[],"type":"AzureSqlTable","schema":[{"name":"InvoiceSectionName","type":"nvarchar"},{"name":"AccountName","type":"nvarchar"},{"name":"AccountOwnerId","type":"nvarchar"},{"name":"SubscriptionId","type":"nvarchar"},{"name":"SubscriptionName","type":"nvarchar"},{"name":"ResourceGroup","type":"nvarchar"},{"name":"ResourceLocation","type":"nvarchar"},{"name":"Date","type":"date"},{"name":"ProductName","type":"nvarchar"},{"name":"MeterCategory","type":"nvarchar"},{"name":"MeterSubCategory","type":"nvarchar"},{"name":"MeterId","type":"nvarchar"},{"name":"MeterName","type":"nvarchar"},{"name":"MeterRegion","type":"nvarchar"},{"name":"UnitOfMeasure","type":"nvarchar"},{"name":"Quantity","type":"real","precision":7},{"name":"EffectivePrice","type":"nvarchar"},{"name":"CostInBillingCurrency","type":"real","precision":7},{"name":"CostCenter","type":"nvarchar"},{"name":"ConsumedService","type":"nvarchar"},{"name":"ResourceId","type":"nvarchar"},{"name":"Tags","type":"nvarchar"},{"name":"OfferId","type":"nvarchar"},{"name":"AdditionalInfo","type":"nvarchar"},{"name":"ServiceInfo1","type":"nvarchar"},{"name":"ServiceInfo2","type":"nvarchar"},{"name":"ResourceName","type":"nvarchar"},{"name":"ReservationId","type":"nvarchar"},{"name":"ReservationName","type":"nvarchar"},{"name":"UnitPrice","type":"real","precision":7},{"name":"ProductOrderId","type":"nvarchar"},{"name":"ProductOrderName","type":"nvarchar"},{"name":"Term","type":"nvarchar"},{"name":"PublisherType","type":"nvarchar"},{"name":"PublisherName","type":"nvarchar"},{"name":"ChargeType","type":"nvarchar"},{"name":"Frequency","type":"nvarchar"},{"name":"PricingModel","type":"nvarchar"},{"name":"AvailabilityZone","type":"nvarchar"},{"name":"BillingAccountId","type":"nvarchar"},{"name":"BillingAccountName","type":"nvarchar"},{"name":"BillingCurrencyCode","type":"nvarchar"},{"name":"BillingPeriodStartDate","type":"nvarchar"},{"name":"BillingPeriodEndDate","type":"nvarchar"},{"name":"BillingProfileId","type":"nvarchar"},{"name":"BillingProfileName","type":"nvarchar"},{"name":"InvoiceSectionId","type":"nvarchar"},{"name":"IsAzureCreditEligible","type":"nvarchar"},{"name":"PartNumber","type":"nvarchar"},{"name":"PayGPrice","type":"nvarchar"},{"name":"PlanName","type":"nvarchar"},{"name":"ServiceFamily","type":"nvarchar"},{"name":"CostAllocationRuleName","type":"nvarchar"},{"name":"benefitId","type":"nvarchar"},{"name":"benefitName","type":"nvarchar"}],"typeProperties":{"schema":"cost","table":{"value":"@dataset().CustomerStagingTable","type":"Expression"}}},"dependsOn":[]},{"name":"[concat(parameters('factoryName'), '/consumoGenerico')]","type":"Microsoft.DataFactory/factories/datasets","apiVersion":"2018-06-01","properties":{"linkedServiceName":{"referenceName":"[parameters('consumodb2')]","type":"LinkedServiceReference"},"parameters":{"CustomerTable":{"type":"string","defaultValue":"consumoXignux"}},"annotations":[],"type":"AzureSqlTable","schema":[{"name":"InvoiceSectionName","type":"nvarchar"},{"name":"AccountName","type":"nvarchar"},{"name":"AccountOwnerId","type":"nvarchar"},{"name":"SubscriptionId","type":"nvarchar"},{"name":"SubscriptionName","type":"nvarchar"},{"name":"ResourceGroup","type":"nvarchar"},{"name":"ResourceLocation","type":"nvarchar"},{"name":"Date","type":"date"},{"name":"ProductName","type":"nvarchar"},{"name":"MeterCategory","type":"nvarchar"},{"name":"MeterSubCategory","type":"nvarchar"},{"name":"MeterId","type":"nvarchar"},{"name":"MeterName","type":"nvarchar"},{"name":"MeterRegion","type":"nvarchar"},{"name":"UnitOfMeasure","type":"nvarchar"},{"name":"Quantity","type":"real","precision":7},{"name":"EffectivePrice","type":"real","precision":7},{"name":"CostInBillingCurrency","type":"real","precision":7},{"name":"CostCenter","type":"nvarchar"},{"name":"ConsumedService","type":"nvarchar"},{"name":"ResourceId","type":"nvarchar"},{"name":"Tags","type":"nvarchar"},{"name":"OfferId","type":"nvarchar"},{"name":"AdditionalInfo","type":"nvarchar"},{"name":"ServiceInfo1","type":"nvarchar"},{"name":"ServiceInfo2","type":"nvarchar"},{"name":"ResourceName","type":"nvarchar"},{"name":"ReservationId","type":"nvarchar"},{"name":"ReservationName","type":"nvarchar"},{"name":"UnitPrice","type":"real","precision":7},{"name":"ProductOrderId","type":"nvarchar"},{"name":"ProductOrderName","type":"nvarchar"},{"name":"Term","type":"nvarchar"},{"name":"PublisherType","type":"nvarchar"},{"name":"PublisherName","type":"nvarchar"},{"name":"ChargeType","type":"nvarchar"},{"name":"Frequency","type":"nvarchar"},{"name":"PricingModel","type":"nvarchar"},{"name":"AvailabilityZone","type":"nvarchar"},{"name":"BillingAccountId","type":"nvarchar"},{"name":"BillingAccountName","type":"nvarchar"},{"name":"BillingCurrencyCode","type":"nvarchar"},{"name":"BillingPeriodStartDate","type":"nvarchar"},{"name":"BillingPeriodEndDate","type":"nvarchar"},{"name":"BillingProfileId","type":"nvarchar"},{"name":"BillingProfileName","type":"nvarchar"},{"name":"InvoiceSectionId","type":"nvarchar"},{"name":"IsAzureCreditEligible","type":"nvarchar"},{"name":"PartNumber","type":"nvarchar"},{"name":"PayGPrice","type":"nvarchar"},{"name":"PlanName","type":"nvarchar"},{"name":"ServiceFamily","type":"nvarchar"},{"name":"CostAllocationRuleName","type":"nvarchar"},{"name":"benefitId","type":"nvarchar"},{"name":"benefitName","type":"nvarchar"}],"typeProperties":{"schema":"cost","table":{"value":"@dataset().CustomerTable","type":"Expression"}}},"dependsOn":[]}]}